Model,RMSE,MAE
KNNBasic,0.611016105066184,0.3636122184
KNNWithMeans,0.611016105066184,0.3636122184
BaselineOnly,0.6151143235386989,0.37620937068671517
SVD,0.6193181526503232,0.38687137668809035
