{
    "timestamp": "2026-01-26T08:56:47.228791",
    "winner": "KNNBasic",
    "summary": [
        {
            "Model": "KNNBasic",
            "RMSE (mean)": 0.7166292570566567,
            "RMSE (std)": 0.21146862972758362,
            "MAE (mean)": 0.36919768256250013,
            "MAE (std)": 0.00727235777216773
        },
        {
            "Model": "KNNWithMeans",
            "RMSE (mean)": 0.7166292570566567,
            "RMSE (std)": 0.21146862972758362,
            "MAE (mean)": 0.36919768256250013,
            "MAE (std)": 0.00727235777216773
        },
        {
            "Model": "BaselineOnly",
            "RMSE (mean)": 0.7220195018184187,
            "RMSE (std)": 0.20941279529907422,
            "MAE (mean)": 0.382708149360765,
            "MAE (std)": 0.0062623079015740836
        },
        {
            "Model": "SVD",
            "RMSE (mean)": 0.7267055743693824,
            "RMSE (std)": 0.2083037451179402,
            "MAE (mean)": 0.3938793188325839,
            "MAE (std)": 0.005781099259466729
        }
    ],
    "detailed_results": {
        "BaselineOnly": {
            "rmse_scores": [
                0.6237671365752432,
                0.6103112378843205,
                1.1407531309042818,
                0.6192755296383415,
                0.6159904740899063
            ],
            "mae_scores": [
                0.3811484600848289,
                0.37714551498832627,
                0.39491082720364146,
                0.37949841137612006,
                0.38083753315090835
            ]
        },
        "KNNBasic": {
            "rmse_scores": [
                0.6174721669717314,
                0.6032030921855969,
                1.1394645575199522,
                0.6130248723928464,
                0.6099815962131563
            ],
            "mae_scores": [
                0.3670059634375001,
                0.3632736643750002,
                0.3835177700000002,
                0.36575903374999996,
                0.36643198125000004
            ]
        },
        "KNNWithMeans": {
            "rmse_scores": [
                0.6174721669717314,
                0.6032030921855969,
                1.1394645575199522,
                0.6130248723928464,
                0.6099815962131563
            ],
            "mae_scores": [
                0.3670059634375001,
                0.3632736643750002,
                0.3835177700000002,
                0.36575903374999996,
                0.36643198125000004
            ]
        },
        "SVD": {
            "rmse_scores": [
                0.6280197047303566,
                0.6162019042344205,
                1.1432395558431967,
                0.624746931174193,
                0.6213197758647455
            ],
            "mae_scores": [
                0.3915485511976621,
                0.38951163025143265,
                0.40529423288871685,
                0.39075505736047694,
                0.3922871224646311
            ]
        }
    }
}